source,reference,mbart50
আমার খুব জ্বর লাগছে।,నాకు చాలా జ్వరంగా అనిపిస్తుంది.,నేను చాలా ద్వేషం.
এটি একটি খুব ভাল দিন ছিল.,ఇది చాలా మంచి రోజు.,ఇది ఒక very good day.
এটা চমৎকার এবং উষ্ণ.,ఇది బాగుంది మరియు వెచ్చగా ఉంది.,ఇది চমৎকার మరియు উత.
তারা অনেক বড়।,అవి చాలా పెద్దవి.,వారు చాలా పెద్దది.
এটি একটি সুন্দর দৃশ্য ছিল.,ఇది ఒక అందమైన దృశ్యం.,This was a great event.
এটি একটি খুব শান্ত ঘর.,ఇది చాలా నిశ్శబ్ద గది.,This is a very fancy room.
আপনি আমার সাথে খুব ভাল ব্যবহার করেছেন.,మీరు నాకు చాలా మంచి చేసారు.,మీరు నాతో very nice cooperation.
আমাদের কাজ করার জন্য এটি খুব গরম।,మేము పని చేయడానికి చాలా వేడిగా ఉంది.,ఇది చాలా వేడి రోజు our work Friday.
এত গরম যে আমি আমার কোট খুলে ফেললাম।,"ఇది చాలా వేడిగా ఉంది, నేను నా కోటు తీసివేసాను.",- so hot that I unveiled my coat.
এটা এত গরম ছিল যে আমরা সাঁতার কাটতে গিয়েছিলাম।,చాలా వేడిగా ఉంది కాబట్టి మేము ఈతకు వెళ్ళాము.,ఇది తద్వారా গরম ఉంది మేము త్రాగడానికి వెళ్ళింది.
এত গরম যে তার মনে হলো আইসক্রিম খাচ্ছে।,చాలా వేడిగా ఉంది అతనికి ఐస్ క్రీం తినాలనిపించింది.,Heat so hot that he thought I had to eat ice cream.
খুব গরম তাই আমি আমার কোট খুলে ফেললাম।,చాలా వేడిగా ఉంది కాబట్టి నా కోటు తీసేసాను.,చాలా গরম তাই నేను నా కోట్ టేకాఫ్.
রাতে এত গরম যে মধ্যরাত পর্যন্ত ঘুমাতে পারিনি।,"రాత్రి చాలా వేడిగా ఉంది, నేను అర్ధరాత్రి వరకు నిద్రపోలేను.",నైట్ so hot that I could not sleep at night.
দিনটি এত গরম ছিল যে আমরা সাঁতার কাটতে গিয়েছিলাম।,"రోజు చాలా వేడిగా ఉంది, మేము ఈతకు వెళ్ళాము.",రోజు కనుక వేడిగా నేను త్రాగడానికి వెళ్ళాను.
অমূল্য চীনামাটির বাসন টুকরো টুকরো হয়ে গেছে।,అమూల్యమైన పింగాణీ పాత్రలు ముక్కలు ముక్కలయ్యాయి.,కోర్సు యొక్క Chinese liver into the liver.
এটা সুন্দর এবং কঠিন বৃষ্টি ছিল.,మంచి వర్షం కురుస్తోంది.,It was a great and difficult week.
আমি সম্পূর্ণ নতুন মানুষ মনে হয়.,నేను పూర్తిగా కొత్త వ్యక్తిలా భావిస్తున్నాను.,I think Iraqi newcomer.
আমি খুব মুগ্ধ.,నేను చాలా ఇంప్రెస్ అయ్యాను.,I was very humbled.
আমি সরানো ছিল.,నేను కదిలిపోయాను.,I've been taken.
আমি সত্যিই আপনার কাজের প্রশংসা.,నేను మీ పనిని నిజంగా అభినందిస్తున్నాను.,నేను ID కొన్ని work.
খুব ঠাণ্ডা থাকায় বাইরে যাইনি।,చలి ఎక్కువగా ఉండడంతో నేను బయటకు వెళ్లలేదు.,మీరు ప్రియమైన ఉన్నాయి.
এত ঠান্ডা যে আমরা আগুন জ্বালালাম।,"చాలా చలిగా ఉంది, మేము మంటను వెలిగించాము.",Lions so hot that we set fire.
এত ঠাণ্ডা যে কেউ বাইরে যেতে চাইছিল না।,ఎవరూ బయటకు వెళ్లడానికి ఇష్టపడని విధంగా చలి ఉంది.,ఎవరు వలె అవుట్ త్రాగడం.
এত ঠান্ডা যে ঘুমাতে পারছিলাম না।,చలికి నిద్ర పట్టదు.,నేను నిద్ర కాలేదు త్రాగడం.
এত ঠান্ডা যে সারাদিন ঘরেই ছিলাম।,చలి ఎక్కువై రోజంతా ఇంట్లోనే ఉండిపోయాను.,నేనుతిరిగిఇంకాబట్టిঠাని ఉంది.
আমার খুব ঠান্ডা লাগছে।,నాకు చాలా చలిగా అనిపిస్తుంది.,నేను చాలాঠাనవాటినిLeaving
আমি সত্যিই এটা অনেক উপভোগ.,నేను నిజంగా చాలా ఆనందించాను.,నేను ప్రియమైన ఇది.
আমি একটি চমৎকার সময় ছিল.,నేను అద్భుతమైన సమయాన్ని గడిపాను.,నేను ఒక అద్భుతమైన সময়.
এটি একটি খুব মনোরম বিকেল ছিল.,ఇది చాలా ఆహ్లాదకరమైన మధ్యాహ్నం.,ఇది ఒక very seriousকেল.
সেখানে খুব অন্ধকার ছিল।,అక్కడ చాలా చీకటిగా ఉంది.,చాలా అభుతంగా ఉంది.
এটা আমার পড়ার জন্য খুব অন্ধকার.,నేను చదవడానికి చాలా చీకటిగా ఉంది.,ఇది నా lecturing university చాలా అస్పష్టం.
এটা সত্যিই সস্তা ছিল.,ఇది నిజంగా చౌకగా ఉంది.,It was yesterday.
আমি এমন একজন মানুষকে সাহায্য করতে অক্ষম।,అలాంటి వ్యక్తికి నేను సహాయం చేయలేను.,I could visit a person.
একটি খুব সুদর্শন রাজপুত্র একটি ব্যতিক্রমী সুন্দর রাজকুমারীর সাথে দেখা করেছিলেন।,చాలా అందమైన యువరాజు అసాధారణమైన అందమైన యువరాణిని కలుసుకున్నాడు.,ఒక very famous statesman... ... met an amazing statesman.
আমার খুব ঠান্ডা লাগছে।,నాకు చాలా చలిగా అనిపిస్తుంది.,నేను చాలాঠাనవాటినిLeaving
আমি সম্ভবত এটি পরিচালনা করতে পারি না।,నేను దానిని నిర్వహించలేను.,నేను ఖచ్చితంగా అది পরিচালনা కాదు.
এটি একটি সুন্দর পোশাক।,ఇది అందమైన దుస్తులు.,This is a beautiful robe.
এটা খুব সুন্দর ছিল.,చాలా అందంగా ఉంది.,It was very beautiful.
আমার খুব অদ্ভুত লাগছিল।,నాకు చాలా వింతగా అనిపించింది.,నేను దేవుని লাগ వచ్చింది.
আমি এত ক্ষুধার্ত যে আমি একটি ঘোড়া খেতে পারি।,"నాకు చాలా ఆకలిగా ఉంది, నేను గుర్రాన్ని తినగలను.",నేను నేను ఒక త్రాగడానికి త్రాగడానికి చేస్తారు.
আমি ভালুকের মত ক্ষুধার্ত।,నేను ఎలుగుబంటిలా ఆకలితో ఉన్నాను.,నేను ఎలుగుబంటి వంటి నకిలి.
আমি ক্ষুধার্ত ছিল.,నాకు ఆకలిగా ఉంది.,నేను చిత్రవిచిత్రమైన.
আমার কাছে খুব কম টাকা আছে।,నా దగ్గర చాలా తక్కువ డబ్బు ఉంది.,నేను చాలా తక్కువ డబ్బు.
এটা খুব ভাল স্বাদ.,ఇది చాలా రుచిగా ఉంటుంది.,ఇది very good.
এটি একটি উত্তেজনাপূর্ণ খেলা ছিল.,ఇది ఒక ఉత్తేజకరమైన గేమ్.,It was a November sports game.
এটা মহান স্বাদ.,ఇది చాలా రుచిగా ఉంటుంది.,ఇది tremendous.
এর গন্ধ খুব সুন্দর ছিল।,దాని వాసన చాలా బాగుంది.,ఈ event was very special.
এখানে রোদ এত প্রখর যে ভিতরে থাকা সম্ভব নয়।,లోపల ఉండడానికి వీలులేనంతగా ఇక్కడ ఎండలు తీవ్రంగా ఉన్నాయి.,Frowth here is not so much as to be contained.
এটা খুবই ভালো।,ఇది చాలా బాగుంది.,ఇది మంచి.
"এটা খুব গরম, তাই না?","ఇది చాలా వేడిగా ఉంది, కాదా?","ఇది చాలా গরম, right?"
